covariate,coef,exp(coef),se(coef),coef lower 95%,coef upper 95%,exp(coef) lower 95%,exp(coef) upper 95%,cmp to,z,p,-log2(p)
EXPR_PC33,-0.07636236227094652,0.9264804241751312,0.0668484288521259,-0.20738287524420151,0.054658150702308464,0.8127084244746156,1.0561794987355169,0.0,-1.142320972716744,0.25332062670504596,1.9809635411945556
CNV_PC15,0.13396432235143838,1.1433520268051605,0.05932457043386596,0.017690300902751366,0.2502383438001254,1.0178477010579168,1.2843314926592186,0.0,2.2581591635927576,0.02393573817887675,5.384689890273018
EXPR_PC31,-0.025708506345390604,0.9746191435027761,0.06773382770643945,-0.15846436918505316,0.10704735649427197,0.8534533724883683,1.1129869603919467,0.0,-0.3795519493865323,0.7042780349022102,0.5057830063838905
MUT_LAMA1,0.12079048466601686,1.1283884729115983,0.05715157723549446,0.008775451624788488,0.23280551770724522,1.0088140687787315,1.262135992355039,0.0,2.113510956457015,0.03455705823979155,4.854875780245061
CNV_PC18,-0.0656475927320237,0.9364608217482603,0.059794067133928396,-0.1828418108036935,0.05154662533964609,0.8328999010824271,1.0528982768874644,0.0,-1.097894755762046,0.2722504482009009,1.8769936708609385
EXPR_PC1,0.035592328349763204,1.0362333174236702,0.07515466137922712,-0.1117081012238253,0.1828927579233517,0.8943052660171478,1.2006856371549932,0.0,0.47358776816471676,0.635793899713646,0.653368920649743
EXPR_PC38,0.04970853048411665,1.0509647275492568,0.0627647200159659,-0.07330806024691677,0.17272512121515007,0.9293145010701097,1.1885393559239807,0.0,0.7919820318081868,0.4283711532797767,1.2230667633086139
EXPR_PC27,0.0284801923161161,1.0288896307121265,0.06352326239509211,-0.096023114158752,0.15298349879098422,0.9084430179298963,1.1653057498303412,0.0,0.4483427211118256,0.6539058731824972,0.6128451136991585
MUT_ABCA13,-0.035302872733600534,0.9653130049895005,0.057381548902250445,-0.14776864195913528,0.07716289649193422,0.8626306683984375,1.0802180257883667,0.0,-0.6152303904124135,0.5384025805078799,0.8932427702344524
EXPR_PC9,-0.138156052402864,0.8709627653079192,0.08117290459024765,-0.2972520219202554,0.020939917114527418,0.742856772578366,1.0211606955132029,0.0,-1.7019971516389778,0.08875590222042291,3.4940131286249367
EXPR_PC49,-0.02191831214051847,0.9783201486660117,0.060932671429202244,-0.14134415362356761,0.09750752934253067,0.8681904693808001,1.1024197420279278,0.0,-0.35971362532472234,0.719061301657111,0.47581332585455
EXPR_PC50,0.11096656879745205,1.1173575516234198,0.060068832666748895,-0.006766179822738874,0.228699317417643,0.9932566592318764,1.2569640349911038,0.0,1.8473235431937667,0.06470026278139883,3.9500846180105578
MUT_RYR2,-0.09633807299254368,0.9081569408300227,0.058166228267317564,-0.21034178551302174,0.017665639527934374,0.8103072473575839,1.0178225998437707,0.0,-1.656254425674599,0.09767030558807391,3.3559361791923625
EXPR_PC4,0.1482329968681914,1.1597830907124502,0.08690959808505577,-0.022106685289369155,0.318572679025752,0.9781358767755063,1.3751635630999752,0.0,1.7055998432200814,0.08808260859822523,3.504998994305739
MUT_MDN1,-0.0029030940099532766,0.9971011158925623,0.05491420128885374,-0.11053295077588964,0.10472676275598307,0.8953568270012645,1.1104071643079,0.0,-0.05286599717043567,0.9578386768206754,0.06214540317353166
MUT_HYDIN,-0.07514949250207666,0.9276048059995893,0.059766498690314585,-0.19228967741715355,0.04199069241300024,0.8250678303533054,1.0428847719648442,0.0,-1.2573848920190291,0.20861429724593653,2.261090059469853
EXPR_PC46,0.0945144463248209,1.0991250413356648,0.05795866050738222,-0.019082440861832237,0.20811133351147404,0.9810984763047697,1.2313502524652262,0.0,1.6307217160890484,0.10294905222752805,3.2799975466358857
EXPR_PC42,0.11882098898709403,1.1261683037145263,0.060331204693705766,0.0005740006435168699,0.2370679773306712,1.0005741654134108,1.2675272779676898,0.0,1.969478143032844,0.04889821007469541,4.35407453366926
MUT_HMCN1,0.005700761069240705,1.0057170413295473,0.05920639991029705,-0.11034165040921701,0.12174317254769843,0.8955281254747807,1.129463987168924,0.0,0.096286230506801,0.9232932467368803,0.11513916053624326
MUT_CNTNAP5,0.06349441189787053,1.0655535313628721,0.05606735914608313,-0.046395592736724806,0.17338441653246586,0.9546642292463352,1.1893232127239526,0.0,1.1324666056133705,0.25743831633821584,1.9577012989932343
MUT_GPR112,-0.02737058669693603,0.9730005936266988,0.05591253994614673,-0.1369571512755407,0.08221597788166865,0.8720075897445515,1.0856902695941513,0.0,-0.4895250103697409,0.6244700523537234,0.6792957085733443
MUT_MUC17,-0.058663084773197434,0.9430244349322521,0.05829467153565195,-0.1729185414736675,0.05559237192727264,0.8412061354659278,1.057166665084688,0.0,-1.0063198441270944,0.3142617376888312,1.6699614645161271
EXPR_PC37,0.08976073515727971,1.0939125175842748,0.05942487261883919,-0.026709874961525507,0.20623134527608494,0.9736436789610887,1.2290375031288934,0.0,1.510490998155262,0.13091818462860735,2.9332625923222637
MUT_APOB,-0.07212372390774895,0.930415774014301,0.05529505727838981,-0.18050004469647235,0.03625259688097447,0.8348526433819746,1.0369177355991848,0.0,-1.3043430544729002,0.19211664176125143,2.37994559958756
EXPR_PC34,0.07236166775474788,1.075044082542078,0.06382216616178245,-0.052727479337676644,0.19745081484717242,0.9486385008515451,1.2182931415616238,0.0,1.1338015004272763,0.2568778214883352,1.960845759767498
CNV_PC16,-0.08347743897334758,0.9199118405926742,0.06281991244342368,-0.20660220487441758,0.03964732692772241,0.813343129576375,1.040443772978521,0.0,-1.3288372384875307,0.18390167359962323,2.442993485812388
EXPR_PC20,0.006280452246204708,1.0063002156390983,0.07649373856154691,-0.14364452037724995,0.15620542486965938,0.8661956082249949,1.169066333723851,0.0,0.08210413511364008,0.934563904883606,0.09763477697742276
MUT_MXRA5,0.008041286973002468,1.008073704956938,0.05898862262585405,-0.10757428887129601,0.12365686281730094,0.8980098078377196,1.1316275008983516,0.0,0.1363192869242901,0.891568877447216,0.16558183846941263
MUT_PLEC,-0.13544014331364174,0.8733314360898714,0.05875351249604064,-0.2505949117711054,-0.020285374856178068,0.7783376031074767,0.979918989160644,0.0,-2.3052263185587236,0.021153901617142704,5.562932411792125
MUT_KMT2D,0.06798926573933878,1.0703538189602162,0.05820738213370209,-0.04609510687707753,0.18207363835575507,0.9549511354514049,1.1997025347492443,0.0,1.1680522855875521,0.24278567514542798,2.042244792759667
CNV_PC3,-0.0970358799702105,0.9075234436349825,0.06422810445391698,-0.22292065149516443,0.02884889155474342,0.8001783397304447,1.029269051477377,0.0,-1.510800930453004,0.1308391775921969,2.9341334985853695
MUT_FAM135B,-0.041881326908051277,0.9589835793664151,0.05561052112583914,-0.1508759454761998,0.06711329166009725,0.8599543732726007,1.06941662729692,0.0,-0.7531187635030332,0.45137855001787763,1.1475902331101864
MUT_PKHD1,0.1051956729816043,1.1109279676773172,0.05693955284925877,-0.006403799898757903,0.21679514586196652,0.9936166607292605,1.2420896288734202,0.0,1.8474973496911422,0.06467509188133452,3.9506459912837033
MUT_NF1,0.042578932005064775,1.0434984185455873,0.057315715544103155,-0.06975780620951996,0.1549156702196495,0.9326196672477193,1.1675594969175305,0.0,0.7428840694189929,0.45755187133916886,1.1279927880333367
EXPR_PC47,0.05195119584786476,1.0533243346578403,0.059884119871925476,-0.06541952234698853,0.16932191404271804,0.9366744250858186,1.1845013851859247,0.0,0.8675287531815296,0.3856523645191988,1.3746271384879225
MUT_MUC5B,0.06654341037253768,1.068807360393811,0.05941447801302577,-0.049906826693239745,0.1829936474383151,0.951318057820748,1.2008067798574609,0.0,1.1199864510792974,0.26271953584321334,1.9284046115220013
CNV_PC23,-0.08220260281986469,0.9210853253065184,0.06033207722294759,-0.20045130128933128,0.0360460956496019,0.8183613421975758,1.0367036329169461,0.0,-1.3625024465194204,0.1730393725835457,2.5308277554748804
MUT_HERC2,-0.04916410448279067,0.9520248853272442,0.05814800898367407,-0.16313210786350335,0.06480389889792201,0.849478958151251,1.0669497738412201,0.0,-0.8454993617510487,0.397832088877371,1.3297684471793556
MUT_PCDH15,0.06783064410239964,1.0701840511501286,0.05644528357224739,-0.04280007879635561,0.1784613670011549,0.9581029160095281,1.1953767013946877,0.0,1.201706144598946,0.22947739963818214,2.1235760198341485
MUT_COL11A1,-0.04694410056824573,0.9541407320244087,0.06122488773894234,-0.16694267549408065,0.07305447435758919,0.8462481207021917,1.0757891382407614,0.0,-0.7667486589507742,0.4432309669339831,1.1738694141289086
MUT_FLG,-0.03288451386663896,0.9676503033284587,0.05704483411818798,-0.14469033424234912,0.07892130650907118,0.8652902023735439,1.0821191629850897,0.0,-0.5764678673358464,0.5642989829436887,0.8254683455238095
EXPR_PC30,0.03506063527048476,1.0356825057846226,0.0714278109454976,-0.10493530167722642,0.17505657221819593,0.9003827739571916,1.1913136099595272,0.0,0.4908541197942841,0.623529629067969,0.6814699787878182
EXPR_PC14,0.20988499078031728,1.2335361837644194,0.0641448867075424,0.08416332304113214,0.33560665851950244,1.0878065431741086,1.3987887149641336,0.0,3.2720455449122836,0.0010677237430824359,9.87124586426623
CNV_PC30,-0.06846870428352074,0.9338226842961941,0.05785800370712923,-0.18186830776687896,0.044930899199837476,0.8337111264666139,1.0459555810438974,0.0,-1.1833920961065594,0.2366537883196148,2.079150078172688
EXPR_PC39,-0.05182543762693708,0.9494945984075296,0.0604974833750279,-0.17039832619730244,0.0667474509434283,0.8433288297188211,1.0690254627079017,0.0,-0.8566544380973299,0.39163589046152814,1.3524151118195713
MUT_PCDH11X,-0.06043051947110458,0.9413591728794442,0.05597862573725013,-0.17014660982016178,0.04928557087795261,0.8435411361159538,1.0505203059148256,0.0,-1.0795284570712853,0.2803522150128312,1.8346876265619896
MUT_TP53,0.03958441105258455,1.0403783146072192,0.06524190856615361,-0.08828738001973176,0.16745620212490087,0.9154977431559792,1.1822935071075809,0.0,0.6067328795638616,0.5440281982447287,0.8782466632398612
MUT_FBN2,0.09239827533896863,1.096801564117983,0.0520888537804561,-0.009694002066698362,0.19449055274463561,0.9903528333084163,1.2146920073252552,0.0,1.7738588706215062,0.07608649741301171,3.7162157392481516
CNV_PC7,0.01695969810030628,1.0171043302625211,0.06346785025958201,-0.1074350025846556,0.14135439878526815,0.8981348970006203,1.1518327837984643,0.0,0.2672171505879199,0.7893019718717568,0.34135074144847866
MUT_SYNE2,-0.021036919398077492,0.9791828130620517,0.058074817029213154,-0.1348614691840887,0.09278763038793371,0.8738369566501905,1.0972286924915835,0.0,-0.36223823809027883,0.7171740072071178,0.479604893843566
EXPR_PC24,0.10454970397964812,1.110210574378654,0.06905591920231835,-0.03079741057620379,0.23989681853550004,0.9696719984699418,1.2711179877392202,0.0,1.5139861316354495,0.1300293569232517,2.9430907154323167
MUT_XIRP2,0.006918376786287201,1.00694236404068,0.05827604945528751,-0.10730058130735136,0.12113733487992577,0.8982556335552657,1.128779922578076,0.0,0.11871732643090963,0.9054993091201954,0.1432145544620552
MUT_KRAS,-0.0069711629934927745,0.9930530791984479,0.06584484984502853,-0.13602469725719643,0.12208237127021089,0.8728210759359276,1.1298471648935189,0.0,-0.10587256269700669,0.9156834634883043,0.1270791260165003
MUT_SI,-0.04927803718119133,0.9519164247418351,0.05605240544039652,-0.1591387330912055,0.060582658728822826,0.8528780283558404,1.0624554151548777,0.0,-0.8791422383039612,0.37932415839504585,1.398496837974854
CNV_PC4,-0.05278730781429214,0.948581746952947,0.06187278046778984,-0.17405572915451353,0.06848111352592925,0.8402500699276317,1.0708803996050873,0.0,-0.8531588109535909,0.39357124133858534,1.3453032895913748
CNV_PC28,-0.08867795247248884,0.9151402447759953,0.05990844148543959,-0.20609634015387568,0.028740435208898005,0.8137546752557666,1.0291574267704753,0.0,-1.4802246607273455,0.13881330128869285,2.848782279249194
CNV_PC19,0.07916386917305222,1.0823816765287133,0.05926035283238592,-0.03698428808956036,0.1953120264356648,0.9636912766611341,1.2156902548128639,0.0,1.3358656401685982,0.1815931933971998,2.461217967347412
MUT_USH2A,0.08405418121752677,1.0876878244629629,0.057643354265448025,-0.028924717090834662,0.1970330795258882,0.9714895982768894,1.2177843237676966,0.0,1.4581764418228806,0.1447919155154041,2.787947043374006
MUT_RYR3,-0.039481414904588986,0.961287819450424,0.05785879075136687,-0.15288256096630723,0.07391973115712924,0.8582305056545692,1.0767203749288345,0.0,-0.6823753900120401,0.4950016131349051,1.0144948681639316
MUT_PKHD1L1,-0.015326305055376115,0.9847905450362465,0.05879489577093991,-0.13056218324120467,0.09990957313045244,0.8776019191201491,1.1050709854475764,0.0,-0.2606740747544845,0.7943438603522418,0.33216442979220895
CNV_PC5,-0.06337509385349765,0.9385913478076262,0.06310075708235778,-0.18705030513212964,0.06030011742513433,0.8294020121581311,1.0621552700204644,0.0,-1.0043475987266177,0.3152110982583198,1.6656097633914086
MUT_NAV3,-0.01364485168612267,0.98644781733879,0.05774709119254052,-0.12682707063545223,0.0995373672632069,0.880885990481233,1.1046597480802982,0.0,-0.2362863895711728,0.8132104475126212,0.298299344931196
MUT_IDH1,0.00020402776455689099,1.0002040485796369,0.05597097492865901,-0.1094970672752091,0.10990512280432287,0.8962847929148865,1.1161721661499817,0.0,0.0036452422852549233,0.9970915239014146,0.004202157948519661
MUT_LAMA2,0.005673243525605262,1.0056893668477462,0.058027008911534034,-0.10805760407158621,0.11940409112279673,0.8975758909153507,1.1268251663479736,0.0,0.0977690153606658,0.9221157116379263,0.11698029636750401
MUT_PEG3,0.046881257499145276,1.0479975598399498,0.053660789569302945,-0.05829195743867109,0.15205447243696163,0.943374482029187,1.164223652804411,0.0,0.8736594797696389,0.382303723883039,1.3872088418729809
CNV_PC22,-0.01362689972148914,0.9864655261740733,0.056422765543103146,-0.12421348809411885,0.09695968865114056,0.8831912699336802,1.1018159570383474,0.0,-0.24151421133512355,0.8091566033803377,0.30550914741682644
CNV_PC1,-0.042330196656211794,0.9585532172441494,0.061054845661169976,-0.16199549523375653,0.07733510192133294,0.8504450355876922,1.0804040612150372,0.0,-0.6933142848501738,0.48811234035752926,1.0347148687702752
MUT_DNAH11,-0.026037169723230058,0.9742988745161919,0.058935940619362207,-0.1415494907321712,0.08947515128571111,0.8680122159617474,1.0936001584168389,0.0,-0.4417876333117533,0.6586428883086413,0.6024316371059065
MUT_DNAH10,0.018012545367048587,1.0181757496981707,0.05984858862483574,-0.09928853286318302,0.1353136235972802,0.9054814091851592,1.1448957943889095,0.0,0.30096859058717734,0.763438445772679,0.38941625424825105
MUT_ANK2,0.03652118138638944,1.0371962730401028,0.05795257065983936,-0.07706376991840833,0.15010613269118722,0.9258308115686489,1.1619575578669454,0.0,0.6301908779984166,0.5285697067649795,0.9198343508618813
MUT_CUBN,-0.0029880042694910925,0.9970164553723507,0.05748321226188531,-0.11565303001845753,0.10967702147947533,0.8907842450768044,1.1159175948352555,0.0,-0.05198046789518602,0.9585442567323886,0.06108305110625555
EXPR_PC17,0.048969217645284224,1.0501880229822267,0.07703311935825907,-0.1020129219136788,0.19995135720424725,0.9030178828743524,1.221343347160243,0.0,0.635690441374214,0.5249782077957657,0.9296705581229022
MUT_CSMD1,0.09859164424280636,1.1036155397705747,0.05773590662679632,-0.014568653360481867,0.21175194184609458,0.9855369559858639,1.2358412865448822,0.0,1.707631351146881,0.08770476732500256,3.511200925106887
MUT_SACS,0.0502059401325109,1.051487617579354,0.058065904332747824,-0.06360114108942311,0.16401302135444493,0.9383792058057505,1.1782296571388178,0.0,0.8646371861325841,0.38723795565124053,1.3687077276412805
MUT_DNAH9,-0.01902940167760139,0.9811505143476186,0.05973368905777781,-0.1361052808945602,0.09804647753935743,0.8727507436727139,1.1030140492960698,0.0,-0.31857067557295976,0.7500520931924872,0.4149372966381
MUT_BRAF,-0.03948358445659593,0.9612857338887684,0.06449169643905596,-0.16588498677903568,0.08691781786584381,0.8471436613076955,1.0908070311847988,0.0,-0.6122274127787527,0.5403873071081428,0.8879343065805297
CNV_PC10,-0.0070297290578950275,0.9929949216909015,0.06117301727870413,-0.12692663974980156,0.1128671816340115,0.8807982858097286,1.1194832351398618,0.0,-0.11491551946616589,0.9085120838333479,0.13842239146758806
EXPR_PC22,0.07982631124915021,1.0830989292366004,0.06984832941085817,-0.057073898776421605,0.21672652127472203,0.9445242675997463,1.2420043939099585,0.0,1.1428521186183291,0.2530999953140717,1.9822206141490206
MUT_COL22A1,-0.07503419983715237,0.9277117581949529,0.05648294127129128,-0.1857387304697743,0.03567033079546955,0.8304905485144921,1.036314149309253,0.0,-1.3284400236304652,0.18403278478183052,2.441965294752415
MUT_AHNAK2,0.06171139919251646,1.0636553286408894,0.058880125217321166,-0.05369152563864164,0.17711432402367455,0.9477244100975465,1.1937675616371541,0.0,1.0480853932416978,0.2945992654242414,1.7631742618324233
