gene,abs_weight,raw_weight,direction,modality,factor,factor_avg_shap,gene_shap_contrib
PRSS3,0.1912901405059899,0.1912901405059899,up,expression,Factor8,0.2831410204178113,0.05416208557873248
FERMT1,0.1745423903756696,0.1745423903756696,up,expression,Factor8,0.2831410204178113,0.049420110517131056
VSNL1,0.1715952926796374,0.1715952926796374,up,expression,Factor8,0.2831410204178113,0.04858566626820553
PTPRH,0.1642369470398317,0.1642369470398317,up,expression,Factor8,0.2831410204178113,0.04650221677516398
ATP10B,0.164199176895635,0.164199176895635,up,expression,Factor8,0.2831410204178113,0.046491522497994806
PI3,0.1590545881732617,0.1590545881732617,up,expression,Factor8,0.2831410204178113,0.04503487839751206
KLK6,0.1557568830085311,0.1557568830085311,up,expression,Factor8,0.2831410204178113,0.04410116279213315
HPN,0.1545800247164091,-0.1545800247164091,down,expression,Factor8,0.2831410204178113,0.04376794593441457
IL1A,0.1491640432244109,0.1491640432244109,up,expression,Factor8,0.2831410204178113,0.042234459408206214
SPRR1B,0.1455899456269345,0.1455899456269345,up,expression,Factor8,0.2831410204178113,0.0412224857673839
SERPINB5,0.1455103837760227,0.1455103837760227,up,expression,Factor8,0.2831410204178113,0.0411999585437304
CYP4F3,0.1442504784983491,0.1442504784983491,up,expression,Factor8,0.2831410204178113,0.04084322767778011
FGFBP1,0.1431654342827948,0.1431654342827948,up,expression,Factor8,0.2831410204178113,0.04053600715138962
SPRR1A,0.1374590925558851,0.1374590925558851,up,expression,Factor8,0.2831410204178113,0.03892030773197967
AKR1B10,0.1372695685237591,0.1372695685237591,up,expression,Factor8,0.2831410204178113,0.03886664570412982
GPX2,0.1367842127868465,0.1367842127868465,up,expression,Factor8,0.2831410204178113,0.03872922158551475
KRT6B,0.132668062167851,0.132668062167851,up,expression,Factor8,0.2831410204178113,0.03756377049905896
PCSK9,0.1320078336695669,0.1320078336695669,up,expression,Factor8,0.2831410204178113,0.037376832728345875
LY6D,0.1310840996111512,0.1310840996111512,up,expression,Factor8,0.2831410204178113,0.03711528572445137
LINC01133,0.1306493288765706,0.1306493288765706,up,expression,Factor8,0.2831410204178113,0.03699218429501442
PTPRZ1,0.1305446179782285,0.1305446179782285,up,expression,Factor8,0.2831410204178113,0.03696253634440897
KRT16,0.1300271500005266,0.1300271500005266,up,expression,Factor8,0.2831410204178113,0.03681601993316891
RHCG,0.129451896372453,0.129451896372453,up,expression,Factor8,0.2831410204178113,0.036653142033917105
HSD17B2,0.1292622683252898,0.1292622683252898,up,expression,Factor8,0.2831410204178113,0.036599450555143485
KRT6A,0.1286911237528487,0.1286911237528487,up,expression,Factor8,0.2831410204178113,0.03643773609809641
TP53,0.1320397659925886,0.1320397659925886,up,expression,Factor8,0.2831410204178113,0.037385874078870555
TTN,0.0905155566744669,0.0905155566744669,up,expression,Factor8,0.2831410204178113,0.02562866708049479
IDH1,0.0562136810440082,0.0562136810440082,up,expression,Factor8,0.2831410204178113,0.015916399012241858
APC,0.0497265509598645,0.0497265509598645,up,expression,Factor8,0.2831410204178113,0.01407962638063433
SYNE1,0.0460635364160352,0.0460635364160352,up,expression,Factor8,0.2831410204178113,0.013042476704889217
MUC16,0.0437610856140754,0.0437610856140754,up,expression,Factor8,0.2831410204178113,0.012390558435360511
KRAS,0.0431254420820986,0.0431254420820986,up,expression,Factor8,0.2831410204178113,0.012210581677094618
ATRX,0.0341583820972048,0.0341583820972048,up,expression,Factor8,0.2831410204178113,0.009671639162824064
KMT2D,0.0337687810445769,0.0337687810445769,up,expression,Factor8,0.2831410204178113,0.009561327123227149
DNAH5,0.0327023004263877,0.0327023004263877,up,expression,Factor8,0.2831410204178113,0.00925936271273724
BRAF,0.0324943493649034,-0.0324943493649034,down,expression,Factor8,0.2831410204178113,0.009200483236991608
FAT4,0.0324075988557028,0.0324075988557028,up,expression,Factor8,0.2831410204178113,0.009175920609294785
FAT1,0.0313656548346598,0.0313656548346598,up,expression,Factor8,0.2831410204178113,0.008880903515958433
FLG,0.0311626419783768,0.0311626419783768,up,expression,Factor8,0.2831410204178113,0.00882342224867253
OBSCN,0.0307902956044211,0.0307902956044211,up,expression,Factor8,0.2831410204178113,0.00871799571640184
NOTCH1,0.0303866167284011,0.0303866167284011,up,expression,Factor8,0.2831410204178113,0.008603697667524423
ARID1A,0.0302672436047256,0.0302672436047256,up,expression,Factor8,0.2831410204178113,0.00856989823947648
PIK3CA,0.0299736160674437,0.0299736160674437,up,expression,Factor8,0.2831410204178113,0.008486760238947713
DNAH11,0.0290285946107445,0.0290285946107445,up,expression,Factor8,0.2831410204178113,0.008219185899381176
FBXW7,0.028964003751334,0.028964003751334,up,expression,Factor8,0.2831410204178113,0.008200897577538023
CDKN2A,0.0284492781640255,0.0284492781640255,up,expression,Factor8,0.2831410204178113,0.008055157649512337
PCLO,0.0280311860034143,0.0280311860034143,up,expression,Factor8,0.2831410204178113,0.007936778608528195
LRP1B,0.0280247688472338,0.0280247688472338,up,expression,Factor8,0.2831410204178113,0.007934961648379067
CIC,0.0268070878911263,0.0268070878911263,up,expression,Factor8,0.2831410204178113,0.007590186219923454
HMCN1,0.0240224531329325,0.0240224531329325,up,expression,Factor8,0.2831410204178113,0.006801741892997556
ATP11A,0.1112656506730442,0.1112656506730442,up,expression,Factor8,0.2831410204178113,0.031503869869017466
TFDP1,0.1109939767065438,0.1109939767065438,up,expression,Factor8,0.2831410204178113,0.03142694782492159
TMEM255B,0.1109791149640918,0.1109791149640918,up,expression,Factor8,0.2831410204178113,0.03142273985599854
GAS6,0.1109791149640918,0.1109791149640918,up,expression,Factor8,0.2831410204178113,0.03142273985599854
GRK1,0.1109791149640918,0.1109791149640918,up,expression,Factor8,0.2831410204178113,0.03142273985599854
LINC00454,0.1108503229693361,0.1108503229693361,up,expression,Factor8,0.2831410204178113,0.03138627355918177
CDC16,0.1103976862346721,0.1103976862346721,up,expression,Factor8,0.2831410204178113,0.03125811353225042
MIR548AR,0.1103976862346721,0.1103976862346721,up,expression,Factor8,0.2831410204178113,0.03125811353225042
MIR4502,0.1103976862346721,0.1103976862346721,up,expression,Factor8,0.2831410204178113,0.03125811353225042
UPF3A,0.1103976862346721,0.1103976862346721,up,expression,Factor8,0.2831410204178113,0.03125811353225042
CHAMP1,0.1103976862346721,0.1103976862346721,up,expression,Factor8,0.2831410204178113,0.03125811353225042
RASA3,0.1103934176174636,0.1103934176174636,up,expression,Factor8,0.2831410204178113,0.031256904911618234
RNY1P8,0.1095268006438041,0.1095268006438041,up,expression,Factor8,0.2831410204178113,0.031011530097384884
LINC00393,0.1092614934531964,0.1092614934531964,up,expression,Factor8,0.2831410204178113,0.030936410748712038
KLF5,0.1087277163560747,0.1087277163560747,up,expression,Factor8,0.2831410204178113,0.030785276556757342
KLF12,0.1078408621270447,0.1078408621270447,up,expression,Factor8,0.2831410204178113,0.030534171745387938
LINC00392,0.1075993224987866,0.1075993224987866,up,expression,Factor8,0.2831410204178113,0.030465781968571602
PIBF1,0.1067406961854072,0.1067406961854072,up,expression,Factor8,0.2831410204178113,0.030222669638043775
GPC5,0.1020113380810324,0.1020113380810324,up,expression,Factor8,0.2831410204178113,0.028883594358449845
GPC6,0.1005007776519746,0.1005007776519746,up,expression,Factor8,0.2831410204178113,0.028455892737163653
GUCY1B2,0.0939779266202927,0.0939779266202927,up,expression,Factor8,0.2831410204178113,0.026609006040019867
SPRYD7,0.0930084388948425,0.0930084388948425,up,expression,Factor8,0.2831410204178113,0.026334504296153357
LINC00441,0.0925813805524158,0.0925813805524158,up,expression,Factor8,0.2831410204178113,0.02621358656130072
FNDC3A,0.0914509209328934,0.0914509209328934,up,expression,Factor8,0.2831410204178113,0.02589350707108802
RCBTB2,0.0912744651536492,0.0912744651536492,up,expression,Factor8,0.2831410204178113,0.025843545201694195
PHACTR3,0.0781738000487403,-0.0781738000487403,down,expression,Factor6,0.2193709009714754,0.017149056949056128
PTPRH,0.0769364383395576,-0.0769364383395576,down,expression,Factor6,0.2193709009714754,0.016877615796085113
OMG,0.0684615004920731,-0.0684615004920731,down,expression,Factor6,0.2193709009714754,0.015018461044805182
BCAS1,0.0681049027188159,-0.0681049027188159,down,expression,Factor6,0.2193709009714754,0.01494023387000133
PNMA2,0.0680497736301936,-0.0680497736301936,down,expression,Factor6,0.2193709009714754,0.014928140152160518
PTPRN,0.0674667823453202,-0.0674667823453202,down,expression,Factor6,0.2193709009714754,0.014800248828739324
SFTA2,0.0645307418578746,-0.0645307418578746,down,expression,Factor6,0.2193709009714754,0.01415616698171965
DMBT1,0.0644789343966327,-0.0644789343966327,down,expression,Factor6,0.2193709009714754,0.014144801932269972
SOX2,0.0637994231473273,-0.0637994231473273,down,expression,Factor6,0.2193709009714754,0.013995736937289593
GAL3ST1,0.0624879290700019,-0.0624879290700019,down,expression,Factor6,0.2193709009714754,0.013708033299927966
ARSL,0.0624119627437403,-0.0624119627437403,down,expression,Factor6,0.2193709009714754,0.013691368498492467
CTSE,0.062343433063302,-0.062343433063302,down,expression,Factor6,0.2193709009714754,0.01367633508075143
ATP1A3,0.0618795363965293,-0.0618795363965293,down,expression,Factor6,0.2193709009714754,0.013574569651003838
SOX21,0.0613491460738664,-0.0613491460738664,down,expression,Factor6,0.2193709009714754,0.013458217448054725
CLDN18,0.0608979781843052,-0.0608979781843052,down,expression,Factor6,0.2193709009714754,0.013359244341632286
SYT5,0.0608823732183406,-0.0608823732183406,down,expression,Factor6,0.2193709009714754,0.013355821066189003
TMEM151A,0.0605620920919735,-0.0605620920919735,down,expression,Factor6,0.2193709009714754,0.013285560706933694
HKDC1,0.0603088421675941,-0.0603088421675941,down,expression,Factor6,0.2193709009714754,0.013230005042851626
CYP3A5,0.0597551133627343,-0.0597551133627343,down,expression,Factor6,0.2193709009714754,0.013108533056035673
SCG2,0.0594740244757118,-0.0594740244757118,down,expression,Factor6,0.2193709009714754,0.013046870333636476
APC2,0.059079215391301,-0.059079215391301,down,expression,Factor6,0.2193709009714754,0.012960260709077558
TTYH1,0.0578808633329227,-0.0578808633329227,down,expression,Factor6,0.2193709009714754,0.012697377138350088
NPTX1,0.0574503758227333,-0.0574503758227333,down,expression,Factor6,0.2193709009714754,0.012602940705382872
SPINK1,0.0573224784449497,-0.0573224784449497,down,expression,Factor6,0.2193709009714754,0.012574883742386593
USH1C,0.0569666712677178,-0.0569666712677178,down,expression,Factor6,0.2193709009714754,0.012496830001345115
TP53,0.1105444666363095,-0.1105444666363095,down,expression,Factor6,0.2193709009714754,0.024250239243418417
TTN,0.0518216510249398,-0.0518216510249398,down,expression,Factor6,0.2193709009714754,0.011368162275170426
IDH1,0.0293402990151025,-0.0293402990151025,down,expression,Factor6,0.2193709009714754,0.006436407829715528
CSMD3,0.0250869542156785,-0.0250869542156785,down,expression,Factor6,0.2193709009714754,0.005503347748923546
RYR2,0.017492858517335,-0.017492858517335,down,expression,Factor6,0.2193709009714754,0.0038374241335143266
KRAS,0.0054842075681219,-0.0054842075681219,down,expression,Factor6,0.2193709009714754,0.0012030755553334852
FLG,0.0042085275864249,-0.0042085275864249,down,expression,Factor6,0.2193709009714754,0.0009232284883973392
BRAF,0.0024738765602432,0.0024738765602432,up,expression,Factor6,0.2193709009714754,0.0005426965299127653
ZFHX4,0.0021591204219792,-0.0021591204219792,down,expression,Factor6,0.2193709009714754,0.0004736481922754893
EGFR,0.0004301389342354,-0.0004301389342354,down,expression,Factor6,0.2193709009714754,9.435996554612992e-05
LRP1B,0.0003926539487926,-0.0003926539487926,down,expression,Factor6,0.2193709009714754,8.613685051664023e-05
FAT3,0.0001384900142561,-0.0001384900142561,down,expression,Factor6,0.2193709009714754,3.038067920291313e-05
MUC16,0.0001239267174061,-0.0001239267174061,down,expression,Factor6,0.2193709009714754,2.7185915651813582e-05
PIK3CA,0.0001194829751501,0.0001194829751501,up,expression,Factor6,0.2193709009714754,2.6211087909429844e-05
ATRX,0.0001090189625166,-0.0001090189625166,down,expression,Factor6,0.2193709009714754,2.3915588030242047e-05
USH2A,9.17085521299628e-05,-9.17085521299628e-05,down,expression,Factor6,0.2193709009714754,2.011818770753946e-05
CDKN2A,5.966734783555415e-05,-5.966734783555415e-05,down,expression,Factor6,0.2193709009714754,1.3089279853263928e-05
APOB,5.597856713855641e-05,-5.597856713855641e-05,down,expression,Factor6,0.2193709009714754,1.2280068708277346e-05
CSMD1,5.0669706474095525e-05,-5.0669706474095525e-05,down,expression,Factor6,0.2193709009714754,1.1115459161182537e-05
CNTNAP5,4.831771779007152e-05,-4.831771779007152e-05,down,expression,Factor6,0.2193709009714754,1.0599501284493475e-05
PCLO,4.781935334217391e-05,-4.781935334217391e-05,down,expression,Factor6,0.2193709009714754,1.0490174626546025e-05
NPAP1,4.435159604698296e-05,-4.435159604698296e-05,down,expression,Factor6,0.2193709009714754,9.72944958434958e-06
COL11A1,3.988432333736286e-05,-3.988432333736286e-05,down,expression,Factor6,0.2193709009714754,8.749459945154934e-06
DNAH9,3.567848878720899e-05,-3.567848878720899e-05,down,expression,Factor6,0.2193709009714754,7.82682223055072e-06
SYNE1,3.5152644721751184e-05,-3.5152644721751184e-05,down,expression,Factor6,0.2193709009714754,7.711467344140737e-06
RLN2,0.2929443634711874,0.2929443634711874,up,expression,Factor6,0.2193709009714754,0.06426346894918974
RLN1,0.2929443634711874,0.2929443634711874,up,expression,Factor6,0.2193709009714754,0.06426346894918974
INSL4,0.2925656683060799,0.2925656683060799,up,expression,Factor6,0.2193709009714754,0.06418039424962657
PDCD1LG2,0.2923052481554079,0.2923052481554079,up,expression,Factor6,0.2193709009714754,0.06412326564654254
CD274,0.2922816809963986,0.2922816809963986,up,expression,Factor6,0.2193709009714754,0.06411809569763732
RCL1,0.2918396422934432,0.2918396422934432,up,expression,Factor6,0.2193709009714754,0.06402112526910574
PLGRKT,0.2918321533936442,0.2918321533936442,up,expression,Factor6,0.2193709009714754,0.06401948242240954
JAK2,0.2912648584293105,0.2912648584293105,up,expression,Factor6,0.2193709009714754,0.06389503441496708
KIAA1432,0.291249647575275,0.291249647575275,up,expression,Factor6,0.2193709009714754,0.06389169759621276
KIAA2026,0.2910991683646124,0.2910991683646124,up,expression,Factor6,0.2193709009714754,0.06385868683619224
IL33,0.291035419594332,0.291035419594332,up,expression,Factor6,0.2193709009714754,0.06384470221102
GLDC,0.2909604684705707,0.2909604684705707,up,expression,Factor6,0.2193709009714754,0.06382826011547166
RN7SL25P,0.2909604684705707,0.2909604684705707,up,expression,Factor6,0.2193709009714754,0.06382826011547166
snoU13|ENSG00000252110.1,0.2909604684705707,0.2909604684705707,up,expression,Factor6,0.2193709009714754,0.06382826011547166
UHRF2,0.2909604684705707,0.2909604684705707,up,expression,Factor6,0.2193709009714754,0.06382826011547166
TPD52L3,0.2909604684705707,0.2909604684705707,up,expression,Factor6,0.2193709009714754,0.06382826011547166
RN7SL123P,0.2909604684705707,0.2909604684705707,up,expression,Factor6,0.2193709009714754,0.06382826011547166
C9orf38,0.2909604684705707,0.2909604684705707,up,expression,Factor6,0.2193709009714754,0.06382826011547166
AK3,0.2909111139855095,0.2909111139855095,up,expression,Factor6,0.2193709009714754,0.0638174331776168
PPAPDC2,0.2905648075659494,0.2905648075659494,up,expression,Factor6,0.2193709009714754,0.0637414636263457
CDC37L1,0.2904598673970923,0.2904598673970923,up,expression,Factor6,0.2193709009714754,0.0637184428069554
SLC1A1,0.2900695070663967,0.2900695070663967,up,expression,Factor6,0.2193709009714754,0.06363280910950721
SPATA6L,0.2897641112153027,0.2897641112153027,up,expression,Factor6,0.2193709009714754,0.06356581414649976
KDM4C,0.2891896808300181,0.2891896808300181,up,expression,Factor6,0.2193709009714754,0.06343980083533449
GLIS3,0.2839712701552443,0.2839712701552443,up,expression,Factor6,0.2193709009714754,0.06229503338397019
SFN,0.1833728670980197,0.1833728670980197,up,expression,Factor1,0.16238391389398787,0.029776803861338512
LYPD3,0.1721048086282122,0.1721048086282122,up,expression,Factor1,0.16238391389398787,0.027947052425024873
LAD1,0.1708482906743608,0.1708482906743608,up,expression,Factor1,0.16238391389398787,0.027743014121800417
IQANK1,0.1697063053668796,0.1697063053668796,up,expression,Factor1,0.16238391389398787,0.02755757407796219
CSTA,0.1684618108988779,0.1684618108988779,up,expression,Factor1,0.16238391389398787,0.027355488195428657
RHOV,0.1677846307388392,0.1677846307388392,up,expression,Factor1,0.16238391389398787,0.027245525030630217
KRT17,0.1673434648994664,0.1673434648994664,up,expression,Factor1,0.16238391389398787,0.027173886794956532
KRT16,0.1666411372968304,0.1666411372968304,up,expression,Factor1,0.16238391389398787,0.027059840090004717
NECTIN4,0.1641610871448434,0.1641610871448434,up,expression,Factor1,0.16238391389398787,0.02665711983967169
KRT15,0.1634179603130685,0.1634179603130685,up,expression,Factor1,0.16238391389398787,0.02653644799620844
GJB2,0.1610326313271715,0.1610326313271715,up,expression,Factor1,0.16238391389398787,0.02614910893955371
FXYD3,0.1588999611654406,0.1588999611654406,up,expression,Factor1,0.16238391389398787,0.025802797611646926
TMEM40,0.1576878046913488,0.1576878046913488,up,expression,Factor1,0.16238391389398787,0.02560596289913196
TP63,0.1570835966872938,0.1570835966872938,up,expression,Factor1,0.16238391389398787,0.025507849238627436
PKP3,0.1567009883019632,0.1567009883019632,up,expression,Factor1,0.16238391389398787,0.025445719791528792
KRT6A,0.1565522624212552,0.1565522624212552,up,expression,Factor1,0.16238391389398787,0.0254215691009221
HCAR2,0.1558089007047838,0.1558089007047838,up,expression,Factor1,0.16238391389398787,0.025300859115962516
TRIM29,0.1557010892622979,0.1557010892622979,up,expression,Factor1,0.16238391389398787,0.025283352271969102
S100A2,0.1554607478403891,0.1554607478403891,up,expression,Factor1,0.16238391389398787,0.025244324691208707
S100A9,0.1545484876959597,0.1545484876959597,up,expression,Factor1,0.16238391389398787,0.025096188318466762
PKP1,0.1532694610368995,0.1532694610368995,up,expression,Factor1,0.16238391389398787,0.02488849496359382
KRT5,0.1525693116400501,0.1525693116400501,up,expression,Factor1,0.16238391389398787,0.0247748019642229
TACSTD2,0.1521315565197693,0.1521315565197693,up,expression,Factor1,0.16238391389398787,0.02470371757446457
GJB3,0.1510984978165984,0.1510984978165984,up,expression,Factor1,0.16238391389398787,0.024535965458961428
ANXA8,0.1508737805680501,0.1508737805680501,up,expression,Factor1,0.16238391389398787,0.02449947499262267
TP53,0.2820768727171567,0.2820768727171567,up,expression,Factor1,0.16238391389398787,0.04580474661078815
TTN,0.1591315265111503,0.1591315265111503,up,expression,Factor1,0.16238391389398787,0.02584040009880548
CSMD3,0.097291904810875,0.097291904810875,up,expression,Factor1,0.16238391389398787,0.015798640293391192
MUC16,0.084313703970244,0.084313703970244,up,expression,Factor1,0.16238391389398787,0.013691189245587286
LRP1B,0.0709169749933011,0.0709169749933011,up,expression,Factor1,0.16238391389398787,0.011515775960934298
RYR2,0.0677861505381331,0.0677861505381331,up,expression,Factor1,0.16238391389398787,0.011007380432189105
USH2A,0.0647200055092241,0.0647200055092241,up,expression,Factor1,0.16238391389398787,0.010509487801828268
SYNE1,0.0627341924546638,0.0627341924546638,up,expression,Factor1,0.16238391389398787,0.01018702370576699
IDH1,0.0594211026020401,-0.0594211026020401,down,expression,Factor1,0.16238391389398787,0.009649031208415499
ZFHX4,0.0570503027734873,0.0570503027734873,up,expression,Factor1,0.16238391389398787,0.0092640514531959
FLG,0.0529445890056286,0.0529445890056286,up,expression,Factor1,0.16238391389398787,0.008597349582242573
KMT2D,0.0495224418413118,0.0495224418413118,up,expression,Factor1,0.16238391389398787,0.008041647931779597
XIRP2,0.0460506986103233,0.0460506986103233,up,expression,Factor1,0.16238391389398787,0.007477892677896726
FAM135B,0.045705369459084,0.045705369459084,up,expression,Factor1,0.16238391389398787,0.0074218167787368
PKHD1L1,0.0431090572410631,0.0431090572410631,up,expression,Factor1,0.16238391389398787,0.0070002174390837845
SPTA1,0.0425510683042994,0.0425510683042994,up,expression,Factor1,0.16238391389398787,0.006909609011622551
PCLO,0.042354550252048,0.042354550252048,up,expression,Factor1,0.16238391389398787,0.006877697641147144
PIK3CA,0.0420175716750092,0.0420175716750092,up,expression,Factor1,0.16238391389398787,0.006822977740909158
CDKN2A,0.0409737610311458,0.0409737610311458,up,expression,Factor1,0.16238391389398787,0.0066534796831944154
FAT1,0.0404679729789893,0.0404679729789893,up,expression,Factor1,0.16238391389398787,0.006571347839684426
SI,0.0402012340038034,0.0402012340038034,up,expression,Factor1,0.16238391389398787,0.006528033720905668
NAV3,0.0401719588796501,0.0401719588796501,up,expression,Factor1,0.16238391389398787,0.006523279911665924
PAPPA2,0.0391514426008323,0.0391514426008323,up,expression,Factor1,0.16238391389398787,0.0063575644841189615
RYR3,0.0389163501633334,0.0389163501633334,up,expression,Factor1,0.16238391389398787,0.006319389253991011
DMD,0.0387821221164986,0.0387821221164986,up,expression,Factor1,0.16238391389398787,0.006297592778391631
ABCF3,0.2390539298033324,0.2390539298033324,up,expression,Factor1,0.16238391389398787,0.03881851275320375
PSMD2,0.2389055755457787,0.2389055755457787,up,expression,Factor1,0.16238391389398787,0.03879442240821934
CAMK2N2,0.2389046480268085,0.2389046480268085,up,expression,Factor1,0.16238391389398787,0.038794271794058754
ECE2,0.2388826419846218,0.2388826419846218,up,expression,Factor1,0.16238391389398787,0.03879069836679916
B3GNT5,0.2388784740505823,0.2388784740505823,up,expression,Factor1,0.16238391389398787,0.038790021561356976
SNORD66|ENSG00000212158.1,0.2388772024958426,0.2388772024958426,up,expression,Factor1,0.16238391389398787,0.03878981508132161
VWA5B2,0.2388724434918125,0.2388724434918125,up,expression,Factor1,0.16238391389398787,0.03878904229562097
MIR1224,0.2388724434918125,0.2388724434918125,up,expression,Factor1,0.16238391389398787,0.03878904229562097
ALG3,0.2388724434918125,0.2388724434918125,up,expression,Factor1,0.16238391389398787,0.03878904229562097
RNA5SP151,0.2388526097825899,0.2388526097825899,up,expression,Factor1,0.16238391389398787,0.038785821620290366
DCUN1D1,0.2387852948181391,0.2387852948181391,up,expression,Factor1,0.16238391389398787,0.03877489075289921
CHRD,0.2387595084375148,0.2387595084375148,up,expression,Factor1,0.16238391389398787,0.03877070345948828
MCCC1,0.2387237437966765,0.2387237437966765,up,expression,Factor1,0.16238391389398787,0.03876489585712994
FAM131A,0.2387218302473325,0.2387218302473325,up,expression,Factor1,0.16238391389398787,0.03876458512749803
EIF4G1,0.2387218302473325,0.2387218302473325,up,expression,Factor1,0.16238391389398787,0.03876458512749803
CLCN2,0.2386641053231496,0.2386641053231496,up,expression,Factor1,0.16238391389398787,0.038755211528379976
POLR2H,0.2386538516732416,0.2386538516732416,up,expression,Factor1,0.16238391389398787,0.03875354650057622
VPS8,0.2386400226150344,0.2386400226150344,up,expression,Factor1,0.16238391389398787,0.038751300883979066
LAMP3,0.2386283133668482,0.2386283133668482,up,expression,Factor1,0.16238391389398787,0.03874939949042983
EHHADH,0.238619276214537,0.238619276214537,up,expression,Factor1,0.16238391389398787,0.03874793200226708
THPO,0.2386053279473895,0.2386053279473895,up,expression,Factor1,0.16238391389398787,0.03874566702805564
ATP11B,0.2385898998712763,0.2385898998712763,up,expression,Factor1,0.16238391389398787,0.03874316175667252
SNORA63|ENSG00000201229.1,0.2384902776677643,0.2384902776677643,up,expression,Factor1,0.16238391389398787,0.0387269847133555
YEATS2,0.2384902776677643,0.2384902776677643,up,expression,Factor1,0.16238391389398787,0.0387269847133555
MAP6D1,0.2384902776677643,0.2384902776677643,up,expression,Factor1,0.16238391389398787,0.0387269847133555
SCGB2A2,0.1975986459833548,-0.1975986459833548,down,expression,Factor15,0.11974442995268668,0.02366133722269956
LRRC15,0.1625782360054941,-0.1625782360054941,down,expression,Factor15,0.11974442995268668,0.019467838193191252
CA12,0.1613155139526518,-0.1613155139526518,down,expression,Factor15,0.11974442995268668,0.019316634260784966
PRLR,0.1573774486265604,-0.1573774486265604,down,expression,Factor15,0.11974442995268668,0.018845072873195708
PIP,0.1566341527527298,-0.1566341527527298,down,expression,Factor15,0.11974442995268668,0.018756067332497676
MUC1,0.1545098764763379,-0.1545098764763379,down,expression,Factor15,0.11974442995268668,0.018501697080719116
TFF1,0.1521746077876591,-0.1521746077876591,down,expression,Factor15,0.11974442995268668,0.018222061662806915
GATA3,0.1495800700743777,-0.1495800700743777,down,expression,Factor15,0.11974442995268668,0.017911380223339286
AGR3,0.1484781382486344,-0.1484781382486344,down,expression,Factor15,0.11974442995268668,0.01777943002501893
KLK2,0.1463300012104809,0.1463300012104809,up,expression,Factor15,0.11974442995268668,0.017522202579924987
CAPN8,0.1462724794318919,-0.1462724794318919,down,expression,Factor15,0.11974442995268668,0.01751531466733798
B3GAT1,0.1421879931280866,0.1421879931280866,up,expression,Factor15,0.11974442995268668,0.017026220183239262
NPY,0.1411414545125373,0.1411414545125373,up,expression,Factor15,0.11974442995268668,0.016900903013296834
MYB,0.1377960507288827,-0.1377960507288827,down,expression,Factor15,0.11974442995268668,0.016500309544261557
TMPRSS3,0.1367392373180511,-0.1367392373180511,down,expression,Factor15,0.11974442995268668,0.01637376202481517
COL10A1,0.1361501425746047,-0.1361501425746047,down,expression,Factor15,0.11974442995268668,0.016303221210573055
COL11A1,0.1357646218484987,-0.1357646218484987,down,expression,Factor15,0.11974442995268668,0.016257057250990546
POSTN,0.1351825626859683,-0.1351825626859683,down,expression,Factor15,0.11974442995268668,0.016187358908374607
PRR15,0.1343453279707441,-0.1343453279707441,down,expression,Factor15,0.11974442995268668,0.016087104714663486
AREG,0.1340959679232296,-0.1340959679232296,down,expression,Factor15,0.11974442995268668,0.016057245237920886
GPRC5A,0.1327826954039689,-0.1327826954039689,down,expression,Factor15,0.11974442995268668,0.015899988168729486
KLK3,0.1310204268902687,0.1310204268902687,up,expression,Factor15,0.11974442995268668,0.015688966330132885
OGDHL,0.1307951096528065,0.1307951096528065,up,expression,Factor15,0.11974442995268668,0.01566198584597446
S100A14,0.1305344938513727,-0.1305344938513727,down,expression,Factor15,0.11974442995268668,0.015630778555395106
MFAP5,0.1297151035560251,-0.1297151035560251,down,expression,Factor15,0.11974442995268668,0.015532661131569947
PIK3CA,0.1365608693910238,-0.1365608693910238,down,expression,Factor15,0.11974442995268668,0.016352403459071442
KRAS,0.0003355073347031,-0.0003355073347031,down,expression,Factor15,0.11974442995268668,4.0175134538967966e-05
IDH1,0.0003011142511996,0.0003011142511996,up,expression,Factor15,0.11974442995268668,3.605675436052621e-05
OBSCN,3.1650892785767485e-05,-3.1650892785767485e-05,down,expression,Factor15,0.11974442995268668,3.790018114125331e-06
TP53,1.126954728621874e-05,-1.126954728621874e-05,down,expression,Factor15,0.11974442995268668,1.34946551561311e-06
KMT2C,1.0881699891710562e-05,-1.0881699891710562e-05,down,expression,Factor15,0.11974442995268668,1.3030229504490936e-06
ARID1A,1.0227807858977602e-05,-1.0227807858977602e-05,down,expression,Factor15,0.11974442995268668,1.2247230217388817e-06
NEB,8.517733053418551e-06,-8.517733053418551e-06,down,expression,Factor15,0.11974442995268668,1.0199510889707618e-06
PTEN,8.342279664659046e-06,-8.342279664659046e-06,down,expression,Factor15,0.11974442995268668,9.989415229504878e-07
DNAH5,6.888697385111258e-06,-6.888697385111258e-06,down,expression,Factor15,0.11974442995268668,8.248831414967109e-07
MUC5B,6.519567407972941e-06,-6.519567407972941e-06,down,expression,Factor15,0.11974442995268668,7.806818828058349e-07
KMT2B,5.472354057175478e-06,-5.472354057175478e-06,down,expression,Factor15,0.11974442995268668,6.552839170757498e-07
BRAF,5.071432384390744e-06,5.071432384390744e-06,up,expression,Factor15,0.11974442995268668,6.072757799124642e-07
ATRX,4.784271772062607e-06,4.784271772062607e-06,up,expression,Factor15,0.11974442995268668,5.728898960843671e-07
SPAG17,4.465402846164432e-06,-4.465402846164432e-06,down,expression,Factor15,0.11974442995268668,5.347071183230645e-07
DMD,4.125641558930674e-06,-4.125641558930674e-06,down,expression,Factor15,0.11974442995268668,4.940225966632672e-07
FBXW7,4.020092070178227e-06,-4.020092070178227e-06,down,expression,Factor15,0.11974442995268668,4.813836333008079e-07
SPEN,3.905005860730698e-06,-3.905005860730698e-06,down,expression,Factor15,0.11974442995268668,4.67602700755098e-07
MDN1,3.792384455631332e-06,-3.792384455631332e-06,down,expression,Factor15,0.11974442995268668,4.541169148010039e-07
NCOR1,3.520129080589449e-06,-3.520129080589449e-06,down,expression,Factor15,0.11974442995268668,4.2151585011505864e-07
ANK3,3.509328154590285e-06,-3.509328154590285e-06,down,expression,Factor15,0.11974442995268668,4.2022249938832755e-07
RNF213,3.463405828482633e-06,-3.463405828482633e-06,down,expression,Factor15,0.11974442995268668,4.1472355662646544e-07
DCHS1,3.358402772962e-06,-3.358402772962e-06,down,expression,Factor15,0.11974442995268668,4.0215002559985695e-07
SYNE2,3.2602749693724066e-06,-3.2602749693724066e-06,down,expression,Factor15,0.11974442995268668,3.9039976769651186e-07
VWF,2.9799810933300267e-06,-2.9799810933300267e-06,down,expression,Factor15,0.11974442995268668,3.56836137290588e-07
LINC00454,0.208777558942801,0.208777558942801,up,expression,Factor15,0.11974442995268668,0.02499994978251915
MIR548AR,0.2086949008170623,0.2086949008170623,up,expression,Factor15,0.11974442995268668,0.02499005193237161
MIR4502,0.2086949008170623,0.2086949008170623,up,expression,Factor15,0.11974442995268668,0.02499005193237161
CDC16,0.2086949008170623,0.2086949008170623,up,expression,Factor15,0.11974442995268668,0.02499005193237161
CHAMP1,0.2086949008170623,0.2086949008170623,up,expression,Factor15,0.11974442995268668,0.02499005193237161
UPF3A,0.2086949008170623,0.2086949008170623,up,expression,Factor15,0.11974442995268668,0.02499005193237161
TMEM255B,0.208652266074871,0.208652266074871,up,expression,Factor15,0.11974442995268668,0.024984946659471735
GAS6,0.208652266074871,0.208652266074871,up,expression,Factor15,0.11974442995268668,0.024984946659471735
GRK1,0.208652266074871,0.208652266074871,up,expression,Factor15,0.11974442995268668,0.024984946659471735
RASA3,0.2083315012497473,0.2083315012497473,up,expression,Factor15,0.11974442995268668,0.024946536858338423
TFDP1,0.2070157347721549,0.2070157347721549,up,expression,Factor15,0.11974442995268668,0.024788981151528267
ATP11A,0.2049138672617796,0.2049138672617796,up,expression,Factor15,0.11974442995268668,0.024537294224662304
GPC6,0.1691531932783664,0.1691531932783664,up,expression,Factor15,0.11974442995268668,0.020255152703794615
GPC5,0.1691397937708713,0.1691397937708713,up,expression,Factor15,0.11974442995268668,0.020253548187407967
KLF12,0.1390045370536843,0.1390045370536843,up,expression,Factor15,0.11974442995268668,0.01664501905033054
LINC00392,0.1368837923546531,0.1368837923546531,up,expression,Factor15,0.11974442995268668,0.016391071685269865
PIBF1,0.1363569465525394,0.1363569465525394,up,expression,Factor15,0.11974442995268668,0.016327984835022798
RNY1P8,0.1338115389332923,0.1338115389332923,up,expression,Factor15,0.11974442995268668,0.016023186450658828
KLF5,0.1326264569569751,0.1326264569569751,up,expression,Factor15,0.11974442995268668,0.015881279484957517
LINC00393,0.1323292480224867,0.1323292480224867,up,expression,Factor15,0.11974442995268668,0.01584569037052036
GUCY1B2,0.0983969338654385,0.0983969338654385,up,expression,Factor15,0.11974442995268668,0.011782484754809145
SPRYD7,0.0966916047262931,0.0966916047262931,up,expression,Factor15,0.11974442995268668,0.011578281089160472
RCBTB1,0.0959822469392139,0.0959822469392139,up,expression,Factor15,0.11974442995268668,0.011493339445314174
LINC00462,0.0950109548680666,0.0950109548680666,up,expression,Factor15,0.11974442995268668,0.011377032629937077
FNDC3A,0.0949602384161148,0.0949602384161148,up,expression,Factor15,0.11974442995268668,0.011370959617308884
DUOX2,0.2199494149769165,0.2199494149769165,up,expression,Factor12,0.11955315883831746,0.0262956473451303
DUOXA1,0.2050110029264419,0.2050110029264419,up,expression,Factor12,0.11955315883831746,0.024509712996467675
LINC02967,0.2040590132159987,0.2040590132159987,up,expression,Factor12,0.11955315883831746,0.024395899619402615
VSIG2,0.2014691347916377,0.2014691347916377,up,expression,Factor12,0.11955315883831746,0.024086271472763054
SFTA3,0.1891214880186262,0.1891214880186262,up,expression,Factor12,0.11955315883831746,0.02261007129682977
CLDN1,0.1887023129912541,0.1887023129912541,up,expression,Factor12,0.11955315883831746,0.022559957598201296
TG,0.1831278728567507,0.1831278728567507,up,expression,Factor12,0.11955315883831746,0.021893515671366322
TMPRSS6,0.1758266620595431,0.1758266620595431,up,expression,Factor12,0.11955315883831746,0.021020632857215723
ESRP2,0.1758257874085435,0.1758257874085435,up,expression,Factor12,0.11955315883831746,0.021020528289925837
TPO,0.174104063178719,0.174104063178719,up,expression,Factor12,0.11955315883831746,0.02081469071960185
TMPRSS2,0.1740512246006501,0.1740512246006501,up,expression,Factor12,0.11955315883831746,0.02080837370068519
CST6,0.1737580858732391,0.1737580858732391,up,expression,Factor12,0.11955315883831746,0.02077332803984536
C1orf116,0.1705808125842132,0.1705808125842132,up,expression,Factor12,0.11955315883831746,0.020393474981649704
LIPH,0.1698548310326304,0.1698548310326304,up,expression,Factor12,0.11955315883831746,0.020306681593899638
RAB25,0.1688288334896186,0.1688288334896186,up,expression,Factor12,0.11955315883831746,0.020184020346672223
S100A14,0.1678986293078863,0.1678986293078863,up,expression,Factor12,0.11955315883831746,0.020072811498381513
EMX2,0.1670438409886681,-0.1670438409886681,down,expression,Factor12,0.11955315883831746,0.01997061885468088
TMEM45B,0.1669661007919846,0.1669661007919846,up,expression,Factor12,0.11955315883831746,0.019961324768598656
KLK10,0.1648330813555643,0.1648330813555643,up,expression,Factor12,0.11955315883831746,0.01970631555711108
ADGRF1,0.1647216019355882,0.1647216019355882,up,expression,Factor12,0.11955315883831746,0.01969298784030748
MUC15,0.1643197780199507,0.1643197780199507,up,expression,Factor12,0.11955315883831746,0.019644948521896233
LAD1,0.1639085693150715,0.1639085693150715,up,expression,Factor12,0.11955315883831746,0.01959578722228611
PRSS22,0.1636902563961774,0.1636902563961774,up,expression,Factor12,0.11955315883831746,0.019569687223217107
CDH1,0.1634984850984407,0.1634984850984407,up,expression,Factor12,0.11955315883831746,0.01954676035879816
NKX2-1,0.1612018210740817,0.1612018210740817,up,expression,Factor12,0.11955315883831746,0.019272186919895722
IDH1,0.1029019862404183,-0.1029019862404183,down,expression,Factor12,0.11955315883831746,0.012302257505779087
TP53,0.1018131349927496,-0.1018131349927496,down,expression,Factor12,0.11955315883831746,0.012172081899615252
BRAF,0.0973884743193028,0.0973884743193028,up,expression,Factor12,0.11955315883831746,0.01164309973931701
TTN,0.0733153510279899,-0.0733153510279899,down,expression,Factor12,0.11955315883831746,0.008765081806736278
ATRX,0.0711272074872143,-0.0711272074872143,down,expression,Factor12,0.11955315883831746,0.008503482334444893
PBRM1,0.0494365508593002,-0.0494365508593002,down,expression,Factor12,0.11955315883831746,0.005910295817300477
MUC16,0.0413782887967901,-0.0413782887967901,down,expression,Factor12,0.11955315883831746,0.004946905132980419
CIC,0.0348195375885407,-0.0348195375885407,down,expression,Factor12,0.11955315883831746,0.004162785707999572
PIK3CA,0.0306855578554168,-0.0306855578554168,down,expression,Factor12,0.11955315883831746,0.0036685553723310245
FLG,0.0295163606832549,-0.0295163606832549,down,expression,Factor12,0.11955315883831746,0.0035287741570942414
CSMD3,0.028347034109105,-0.028347034109105,down,expression,Factor12,0.11955315883831746,0.003388977471441033
PCLO,0.0274964385639502,-0.0274964385639502,down,expression,Factor12,0.11955315883831746,0.003287286087123976
SYNE1,0.0266448523614527,-0.0266448523614527,down,expression,Factor12,0.11955315883831746,0.003185476266592273
LRP2,0.0263892758339871,-0.0263892758339871,down,expression,Factor12,0.11955315883831746,0.003154921285408832
OBSCN,0.026231546126135,-0.026231546126135,down,expression,Factor12,0.11955315883831746,0.003136064200592469
PTEN,0.0261365963205421,-0.0261365963205421,down,expression,Factor12,0.11955315883831746,0.0031247126514027538
PKHD1L1,0.0260687934974196,-0.0260687934974196,down,expression,Factor12,0.11955315883831746,0.0031166066097203025
ZFHX4,0.025646520910453,-0.025646520910453,down,expression,Factor12,0.11955315883831746,0.003066122588057618
LRP1B,0.0255098959847823,-0.0255098959847823,down,expression,Factor12,0.11955315883831746,0.003049788646617635
USH2A,0.0252460847093057,-0.0252460847093057,down,expression,Factor12,0.11955315883831746,0.003018249175297242
SETD2,0.0246699192390208,-0.0246699192390208,down,expression,Factor12,0.11955315883831746,0.002949366773311118
FAT4,0.024203830543553,-0.024203830543553,down,expression,Factor12,0.11955315883831746,0.0028936443974691113
KRAS,0.0238781342526909,0.0238781342526909,up,expression,Factor12,0.11955315883831746,0.0028547063770746244
RYR2,0.0234625847237727,-0.0234625847237727,down,expression,Factor12,0.11955315883831746,0.0028050261182386784
NF1,0.0234281381586212,-0.0234281381586212,down,expression,Factor12,0.11955315883831746,0.002800907922563687
GPC5,0.0367806548548661,0.0367806548548661,up,expression,Factor12,0.11955315883831746,0.004397243472041139
MIR548AR,0.0367236753703262,0.0367236753703262,up,expression,Factor12,0.11955315883831746,0.004390431394675415
CHAMP1,0.0367236753703262,0.0367236753703262,up,expression,Factor12,0.11955315883831746,0.004390431394675415
CDC16,0.0367236753703262,0.0367236753703262,up,expression,Factor12,0.11955315883831746,0.004390431394675415
UPF3A,0.0367236753703262,0.0367236753703262,up,expression,Factor12,0.11955315883831746,0.004390431394675415
MIR4502,0.0367236753703262,0.0367236753703262,up,expression,Factor12,0.11955315883831746,0.004390431394675415
RASA3,0.0363551570076005,0.0363551570076005,up,expression,Factor12,0.11955315883831746,0.004346373860321633
KLF5,0.0355110088109947,0.0355110088109947,up,expression,Factor12,0.11955315883831746,0.00424545327688974
GRK1,0.035487602088345,0.035487602088345,up,expression,Factor12,0.11955315883831746,0.004242654929258916
GAS6,0.035487602088345,0.035487602088345,up,expression,Factor12,0.11955315883831746,0.004242654929258916
TMEM255B,0.035487602088345,0.035487602088345,up,expression,Factor12,0.11955315883831746,0.004242654929258916
LINC00454,0.0354657881901397,0.0354657881901397,up,expression,Factor12,0.11955315883831746,0.004240047008821895
GPC6,0.0352853412904475,0.0352853412904475,up,expression,Factor12,0.11955315883831746,0.004218474011961112
TFDP1,0.0352262910923741,0.0352262910923741,up,expression,Factor12,0.11955315883831746,0.004211414374251409
LINC00393,0.0351360520257625,0.0351360520257625,up,expression,Factor12,0.11955315883831746,0.00420062600878737
RNY1P8,0.0350971313462989,0.0350971313462989,up,expression,Factor12,0.11955315883831746,0.004195972918613363
PIBF1,0.0350316782073665,0.0350316782073665,up,expression,Factor12,0.11955315883831746,0.004188147789098112
LINC00392,0.0349830708758087,0.0349830708758087,up,expression,Factor12,0.11955315883831746,0.004182336629067676
KLF12,0.0345804381299286,0.0345804381299286,up,expression,Factor12,0.11955315883831746,0.004134200612445964
ATP11A,0.0342095859716885,0.0342095859716885,up,expression,Factor12,0.11955315883831746,0.004089864065466352
RN7SL590P,0.0312397780629165,-0.0312397780629165,down,expression,Factor12,0.11955315883831746,0.003734814148829642
ADAM5,0.0310089674965546,0.0310089674965546,up,expression,Factor12,0.11955315883831746,0.003707220016527816
SNORD38|ENSG00000207199.1,0.0310078593697424,0.0310078593697424,up,expression,Factor12,0.11955315883831746,0.0037070875364670236
LINC00964,0.030898788713228,-0.030898788713228,down,expression,Factor12,0.11955315883831746,0.003694047794944158
ADAM18,0.0308292966755565,0.0308292966755565,up,expression,Factor12,0.11955315883831746,0.003685739802326419
